Pos,StartNr,Naam,Team,Swim,PltsZw,Wiss1,Fiets,PltsFie,NaFiets,Wiss2,Run,PltsRun,Totaal,Divisie
1,125,Marijn de Jonge,Rogelli / TriMates 2 - Utrecht,00:10:28,5,00:01:17,00:27:45,7,00:39:29,00:00:48,00:18:10,1,00:58:26,2e divisie
2,121,Ricardo Scholten,Trivana - Weesp,00:11:31,23,00:01:12,00:26:43,1,00:39:26,00:00:50,00:18:24,2,00:58:39,2e divisie
3,128,Martijn Keijsers,Rogelli / TriMates 2 - Utrecht,00:11:01,12,00:01:11,00:27:22,6,00:39:32,00:00:49,00:18:38,4,00:58:58,2e divisie
4,184,Martijn Boot,TTW 2 - Weesp,00:10:38,7,00:01:07,00:27:49,8,00:39:34,00:00:55,00:18:42,5,00:59:10,2e divisie
5,189,Anton Theo Borger,Kijani 2 - Beesd,00:11:14,16,00:00:58,00:27:14,5,00:39:26,00:00:44,00:19:11,12,00:59:20,2e divisie
6,183,Kelvin van der Doe,TTW 2 - Weesp,00:11:29,21,00:01:02,00:27:03,4,00:39:34,00:00:56,00:19:13,13,00:59:41,2e divisie
7,191,Peter van Liempt,Kijani 2 - Beesd,00:10:13,3,00:01:06,00:28:09,13,00:39:27,00:00:50,00:19:36,18,00:59:52,2e divisie
8,181,Daniel Nagel,TTW 2 - Weesp,00:11:28,20,00:01:04,00:27:02,3,00:39:33,00:00:55,00:19:29,15,00:59:56,2e divisie
9,112,Arie Nimberg,Hellas 3 - Utrecht,00:11:29,22,00:01:07,00:26:57,2,00:39:32,00:00:51,00:20:14,30,01:00:36,2e divisie
10,175,Tim Vreeburg,IZGS - Haarlem,00:10:43,11,00:01:10,00:29:18,43,00:41:10,00:00:48,00:18:46,7,01:00:43,2e divisie
11,133,Izak Hanse,DSTV Aloha - Enschede,00:10:40,8,00:01:15,00:29:18,42,00:41:12,00:01:05,00:18:44,6,01:01:00,2e divisie
12,173,Melvin Welsink,IZGS - Haarlem,00:11:45,33,00:01:08,00:28:21,15,00:41:13,00:00:51,00:19:04,11,01:01:07,2e divisie
13,111,Lex Bruggink,Hellas 3 - Utrecht,00:11:42,32,00:01:29,00:28:44,26,00:41:54,00:00:57,00:18:29,3,01:01:19,2e divisie
14,190,Geert Lantink,Kijani 2 - Beesd,00:09:36,1,00:01:16,00:28:37,22,00:39:28,00:00:51,00:21:01,41,01:01:19,2e divisie
15,110,Jurgen Langenhorst,Hellas 3 - Utrecht,00:11:10,14,00:01:12,00:28:48,29,00:41:09,00:00:53,00:19:23,14,01:01:24,2e divisie
16,137,Casper van Dam,Team Fysio-Luxor / TV Zeewolde,00:11:39,31,00:00:56,00:28:36,21,00:41:11,00:01:01,00:19:33,16,01:01:44,2e divisie
17,153,Leon van Hamersveld,AV Nijkerk,00:10:40,9,00:01:08,00:29:25,47,00:41:12,00:00:50,00:19:49,22,01:01:50,2e divisie
18,101,Harm-Jan Stuut,Triteam Groningen 2,00:11:55,45,00:01:14,00:28:02,9,00:41:10,00:00:51,00:20:00,25,01:02:00,2e divisie
19,192,Henry Piek,Kijani 2 - Beesd,00:11:14,15,00:01:02,00:28:57,35,00:41:11,00:01:03,00:19:49,21,01:02:02,2e divisie
20,180,Ward van der Boorn,ASU 11 - Amsterdam,00:12:02,52,00:01:53,00:28:08,12,00:42:02,00:01:05,00:18:56,9,01:02:03,2e divisie
21,176,albert Kremer,IZGS - Haarlem,00:11:33,24,00:01:09,00:28:34,19,00:41:15,00:00:54,00:20:10,27,01:02:18,2e divisie
22,177,Eduardo Centeno Nieves,ASU 11 - Amsterdam,00:10:23,4,00:01:19,00:29:34,51,00:41:16,00:00:58,00:20:13,29,01:02:26,2e divisie
23,174,Rutger Stottelaar,IZGS - Haarlem,00:10:10,2,00:01:11,00:29:02,36,00:40:22,00:00:52,00:21:25,47,01:02:38,2e divisie
24,103,Mathijs van Ark,Triteam Groningen 2,00:11:51,40,00:01:16,00:28:05,11,00:41:11,00:00:53,00:20:40,36,01:02:43,2e divisie
25,109,Luuk Vermunt,Hellas 3 - Utrecht,00:12:40,71,00:01:23,00:28:51,31,00:42:54,00:01:02,00:18:55,8,01:02:49,2e divisie
26,127,Cornelis Scheltinga,Rogelli / TriMates 2 - Utrecht,00:11:34,26,00:01:00,00:28:44,27,00:41:17,00:01:00,00:20:46,37,01:03:02,2e divisie
27,123,Bart Elderenbosch,Trivana - Weesp,00:11:50,37,00:01:24,00:28:37,23,00:41:50,00:01:00,00:20:15,31,01:03:04,2e divisie
28,182,Jorrit Vulker,TTW 2 - Weesp,00:12:00,51,00:01:21,00:28:34,20,00:41:55,00:01:15,00:19:59,24,01:03:08,2e divisie
29,102,Anton Stempher,Triteam Groningen 2,00:11:59,49,00:01:09,00:28:52,32,00:41:59,00:00:50,00:20:29,32,01:03:18,2e divisie
30,105,Marten Visser,TVA 2 - Almere,00:12:16,58,00:01:12,00:28:53,34,00:42:20,00:01:00,00:20:12,28,01:03:31,2e divisie
31,178,Jurjen Boog,ASU 11 - Amsterdam,00:11:58,48,00:01:21,00:28:43,25,00:42:01,00:00:58,00:20:39,35,01:03:37,2e divisie
32,179,Bas Veldhuis,ASU 11 - Amsterdam,00:10:42,10,00:01:10,00:29:27,48,00:41:18,00:00:57,00:21:34,50,01:03:48,2e divisie
33,146,Corné Kool,VZC 2 - Veenendaal,00:11:53,43,00:01:09,00:28:18,14,00:41:19,00:01:07,00:21:31,48,01:03:56,2e divisie
34,139,Corné Lof,Team Fysio-Luxor / TV Zeewolde,00:12:44,74,00:01:17,00:28:04,10,00:42:04,00:00:59,00:20:55,38,01:03:57,2e divisie
35,163,Erwin Hoekstra,AZVD - Duursport DEM - Beverwijk,00:11:49,36,00:01:23,00:28:49,30,00:42:00,00:00:56,00:21:13,45,01:04:08,2e divisie
36,104,Jochem Slijkhuis,Triteam Groningen 2,00:11:36,27,00:01:36,00:30:07,66,00:43:18,00:01:09,00:20:06,26,01:04:32,2e divisie
37,157,Ruben Groote Stroek,Argo 2 - Wierden,00:12:15,57,00:01:23,00:30:26,68,00:44:03,00:01:03,00:19:35,17,01:04:40,2e divisie
38,131,Wouter Berendsen,Triteam Chalet Beyond - Amersfoort,00:12:22,60,00:01:08,00:29:45,59,00:43:14,00:00:58,00:20:34,34,01:04:45,2e divisie
39,138,Tim van der Kuijl,Team Fysio-Luxor / TV Zeewolde,00:11:17,17,00:01:32,00:28:28,17,00:41:16,00:01:07,00:22:28,62,01:04:50,2e divisie
40,144,Bert Wallet,AV Triathlon - Amersfoort,00:12:09,55,00:01:34,00:30:35,72,00:44:17,00:00:57,00:19:41,19,01:04:55,2e divisie
41,126,Sjoerd Post,Rogelli / TriMates 2 - Utrecht,00:10:34,6,00:01:16,00:29:25,46,00:41:14,00:01:03,00:22:44,67,01:04:59,2e divisie
42,115,Hans Huisman,De Dolfijn 3 - Amsterdam,00:11:37,30,00:01:41,00:28:45,28,00:42:02,00:01:05,00:21:56,54,01:05:02,2e divisie
43,120,Ruud Doodeman,Zwefilo - Langedijk,00:12:37,69,00:01:31,00:29:16,40,00:43:22,00:01:09,00:21:06,42,01:05:36,2e divisie
44,162,Sjoerd Bakkum,AZVD - Duursport DEM - Beverwijk,00:12:32,66,00:01:07,00:29:37,54,00:43:15,00:00:58,00:21:40,53,01:05:52,2e divisie
45,155,Joey van de Beek,AV Nijkerk,00:14:05,80,00:01:31,00:30:26,69,00:46:01,00:01:01,00:19:03,10,01:06:05,2e divisie
46,136,Abel Hanse,DSTV Aloha - Enschede,00:12:35,67,00:01:21,00:29:06,37,00:43:01,00:01:05,00:22:00,55,01:06:05,2e divisie
47,124,Marcel van Wees,Trivana - Weesp,00:13:27,78,00:01:16,00:29:16,41,00:43:58,00:01:00,00:21:09,43,01:06:06,2e divisie
48,141,Sven Duits,AV Triathlon - Amersfoort,00:12:29,63,00:01:27,00:29:30,49,00:43:25,00:01:24,00:21:20,46,01:06:08,2e divisie
49,147,Theo Bult,VZC 2 - Veenendaal,00:12:27,62,00:01:23,00:29:38,56,00:43:28,00:01:10,00:21:32,49,01:06:09,2e divisie
50,107,Jelmer de Wolde,TVA 2 - Almere,00:11:52,41,00:01:28,00:30:41,75,00:44:00,00:01:01,00:21:10,44,01:06:11,2e divisie
51,129,Frits Smit,Triteam Chalet Beyond - Amersfoort,00:12:36,68,00:01:37,00:29:14,39,00:43:26,00:01:11,00:21:36,51,01:06:12,2e divisie
52,135,Thijs Hekman,DSTV Aloha - Enschede,00:11:55,44,00:01:28,00:29:40,58,00:43:01,00:01:04,00:22:23,60,01:06:27,2e divisie
53,114,Bart Rijborz,De Dolfijn 3 - Amsterdam,00:11:37,28,00:01:10,00:28:30,18,00:41:16,00:01:11,00:24:05,77,01:06:31,2e divisie
54,145,Reinder Jan de Groot,VZC 2 - Veenendaal,00:11:57,47,00:01:30,00:29:38,55,00:43:03,00:00:58,00:22:37,63,01:06:37,2e divisie
55,186,Nick Zweers,Rosiir / Triathlon Team Holten,00:11:28,19,00:01:17,00:29:59,61,00:42:42,00:01:00,00:23:02,70,01:06:43,2e divisie
56,154,Eddy Dekkers,AV Nijkerk,00:11:49,35,00:01:52,00:29:39,57,00:43:18,00:01:09,00:22:19,58,01:06:46,2e divisie
57,170,Dirk-Jan Moes,Balk Rijwielen / TV Haarlemmermeer,00:12:06,54,00:01:21,00:29:53,60,00:43:19,00:01:11,00:22:27,61,01:06:56,2e divisie
58,142,Xander Cornelis,AV Triathlon - Amersfoort,00:14:06,81,00:01:18,00:30:36,73,00:45:59,00:01:07,00:19:51,23,01:06:56,2e divisie
59,156,Melvin Haan,AV Nijkerk,00:11:34,25,00:01:44,00:30:04,63,00:43:20,00:01:05,00:22:38,64,01:07:02,2e divisie
60,149,Rick Smits,TVH - Hilversum,00:12:31,64,00:01:28,00:31:24,83,00:45:21,00:01:17,00:20:30,33,01:07:07,2e divisie
61,130,Roland Wessel,Triteam Chalet Beyond - Amersfoort,00:12:13,56,00:01:20,00:29:33,50,00:43:05,00:01:09,00:23:03,71,01:07:16,2e divisie
62,171,Alexey Peskov,Balk Rijwielen / TV Haarlemmermeer,00:12:18,59,00:01:42,00:32:24,85,00:46:24,00:01:09,00:19:48,20,01:07:20,2e divisie
63,151,Andries Koers,TVH - Hilversum,00:12:02,53,00:01:10,00:29:34,53,00:42:46,00:01:44,00:22:52,68,01:07:21,2e divisie
64,172,Arjan Felix,Balk Rijwielen / TV Haarlemmermeer,00:11:26,18,00:02:35,00:28:52,33,00:42:52,00:01:07,00:23:25,72,01:07:23,2e divisie
65,113,Bart Verbrugge,De Dolfijn 3 - Amsterdam,00:11:48,34,00:01:18,00:29:34,52,00:42:39,00:01:03,00:23:45,75,01:07:26,2e divisie
66,143,Max de Vries,AV Triathlon - Amersfoort,00:12:32,65,00:01:20,00:30:59,80,00:44:49,00:01:10,00:21:38,52,01:07:36,2e divisie
67,140,Tom de Jong,Team Fysio-Luxor / TV Zeewolde,00:11:50,38,00:01:01,00:28:26,16,00:41:17,00:01:00,00:25:34,84,01:07:50,2e divisie
68,165,Wouter de Meer,Sanders Puzzelboeken / Aquapoldro 2 - Apeldoorn,00:11:51,39,00:01:23,00:30:54,77,00:44:07,00:01:05,00:22:41,66,01:07:52,2e divisie
69,116,Ronald Kleverlaan,De Dolfijn 3 - Amsterdam,00:12:44,73,00:01:13,00:30:54,78,00:44:50,00:00:58,00:22:22,59,01:08:09,2e divisie
70,187,Niels van Coeverden,Rosiir / Triathlon Team Holten,00:12:43,72,00:01:15,00:29:23,45,00:43:19,00:01:02,00:23:49,76,01:08:09,2e divisie
71,164,René de Vries,AZVD - Duursport DEM - Beverwijk,00:12:00,50,00:02:04,00:28:40,24,00:42:43,00:01:19,00:24:20,78,01:08:21,2e divisie
72,108,Erik Baalbergen,TVA 2 - Almere,00:11:08,13,00:01:48,00:29:14,38,00:42:09,00:01:11,00:25:11,83,01:08:30,2e divisie
73,159,Hans de Groot,Argo 2 - Wierden,00:11:56,46,00:01:38,00:30:29,71,00:44:03,00:01:11,00:23:37,74,01:08:49,2e divisie
74,167,Andries Langendijk,Sanders Puzzelboeken / Aquapoldro 2 - Apeldoorn,00:13:18,77,00:01:24,00:30:05,65,00:44:47,00:01:09,00:23:00,69,01:08:55,2e divisie
75,160,Vincent Hentzepeter,Argo 2 - Wierden,00:14:19,84,00:01:32,00:31:06,81,00:46:57,00:01:02,00:21:00,40,01:08:57,2e divisie
76,150,Tommy Obst,TVH - Hilversum,00:12:40,70,00:01:13,00:30:04,64,00:43:57,00:00:59,00:24:36,80,01:09:30,2e divisie
77,166,Herman Aalberts,Sanders Puzzelboeken / Aquapoldro 2 - Apeldoorn,00:14:31,85,00:01:15,00:30:13,67,00:45:58,00:00:58,00:22:40,65,01:09:35,2e divisie
78,119,Rob Hof,Zwefilo - Langedijk,00:13:02,75,00:01:42,00:31:22,82,00:46:05,00:01:30,00:22:14,57,01:09:48,2e divisie
79,134,Lars Bossink,DSTV Aloha - Enschede,00:14:16,83,00:01:51,00:30:54,79,00:47:00,00:00:59,00:22:14,56,01:10:12,2e divisie
80,168,Bas Oortwijn,Sanders Puzzelboeken / Aquapoldro 2 - Apeldoorn,00:12:23,61,00:01:31,00:30:04,62,00:43:57,00:01:37,00:24:56,82,01:10:29,2e divisie
81,169,Erwin Willems,Balk Rijwielen / TV Haarlemmermeer,00:13:08,76,00:01:20,00:31:37,84,00:46:04,00:01:14,00:23:34,73,01:10:51,2e divisie
82,152,Rob Denekamp,TVH - Hilversum,00:11:37,29,00:01:09,00:29:18,44,00:42:04,00:01:20,00:27:38,86,01:11:00,2e divisie
83,185,Dylan Spenkelink,Rosiir / Triathlon Team Holten,00:13:51,79,00:01:29,00:30:41,76,00:46:00,00:00:58,00:24:54,81,01:11:51,2e divisie
84,117,René Olij,Zwefilo - Langedijk,00:14:14,82,00:01:25,00:30:38,74,00:46:15,00:01:31,00:24:25,79,01:12:10,2e divisie
85,158,Niek Huttinga,Argo 2 - Wierden,00:11:52,42,00:01:43,00:30:28,70,00:44:02,00:01:14,00:27:21,85,01:12:35,2e divisie
86,118,Alan Simmonds,Zwefilo - Langedijk,00:16:33,86,00:01:33,00:34:51,86,00:52:56,00:01:05,00:20:56,39,01:14:57,2e divisie
1,304,Patrick van der Zande,Movementsolutions.nl / De Zijl - Leiden,00:11:11,15,00:01:06,00:28:33,26,00:40:49,00:01:00,00:17:37,1,00:59:25,2e divisie
2,301,Lorenzo Sinteur,Movementsolutions.nl / De Zijl - Leiden,00:11:36,28,00:01:15,00:28:00,11,00:40:50,00:00:57,00:17:56,2,00:59:42,2e divisie
3,346,Koen Rutjes,Bourgondische Triathlon Ploeg - Gendt,00:11:31,23,00:01:25,00:27:51,8,00:40:46,00:00:50,00:18:28,3,01:00:03,2e divisie
4,389,Sander Smeets,EDO Sports 3 - Maastricht,00:12:22,51,00:01:16,00:27:13,2,00:40:51,00:00:52,00:18:31,6,01:00:14,2e divisie
5,328,Jan van der Meijs,TVS 90 - Spijkenisse,00:12:23,52,00:01:03,00:27:27,4,00:40:52,00:00:51,00:18:39,7,01:00:22,2e divisie
6,369,Oscar Sebel,TTL - Leidschendam,00:11:29,21,00:01:33,00:27:56,10,00:40:58,00:00:59,00:18:29,5,01:00:25,2e divisie
7,317,Tom Oosterdijk,RTC - Den Haag,00:12:19,48,00:01:09,00:27:22,3,00:40:48,00:00:53,00:18:57,9,01:00:37,2e divisie
8,327,Ruben van Dijk,TVS 90 - Spijkenisse,00:11:57,33,00:01:07,00:27:50,7,00:40:53,00:00:47,00:19:04,10,01:00:43,2e divisie
9,326,Hielke Schurer,TVS 90 - Spijkenisse,00:10:49,9,00:00:59,00:29:02,35,00:40:49,00:00:45,00:19:14,12,01:00:47,2e divisie
10,318,Martin Vermeer,RTC - Den Haag,00:12:17,45,00:01:07,00:28:28,20,00:41:51,00:00:48,00:18:28,4,01:01:06,2e divisie
11,353,Lennart Kleinjans,AV Clytoneus - Woerden,00:11:35,26,00:01:21,00:27:51,9,00:40:45,00:00:54,00:19:33,17,01:01:12,2e divisie
12,314,Marcel Bezemer,TV Dordrecht,00:11:31,22,00:01:00,00:28:17,14,00:40:47,00:00:52,00:19:41,20,01:01:19,2e divisie
13,306,Marijn Abbenhuijs,TV Hoekse Waard - Oud Beijerland,00:12:23,53,00:01:14,00:27:13,1,00:40:49,00:01:06,00:19:29,15,01:01:23,2e divisie
14,311,Jordi Caspers,De Bollenstreek - Noordwijkerhout,00:10:32,5,00:01:10,00:29:08,37,00:40:49,00:00:53,00:19:59,26,01:01:41,2e divisie
15,319,Ferdinand Oldeman,RTC - Den Haag,00:11:04,13,00:00:51,00:28:57,33,00:40:51,00:01:00,00:19:51,23,01:01:42,2e divisie
16,313,Sander van der Matten,TV Dordrecht,00:12:08,37,00:00:54,00:27:46,6,00:40:47,00:00:52,00:20:35,37,01:02:14,2e divisie
17,367,Thomas van der Kolk,TLV De Langstraat - Waalwijk,00:11:28,19,00:01:14,00:28:17,15,00:40:59,00:00:49,00:20:28,35,01:02:15,2e divisie
18,373,Wim Korving,FusionTEAMnl - Den Haag,00:10:22,4,00:01:02,00:29:29,46,00:40:52,00:00:50,00:20:47,40,01:02:27,2e divisie
19,322,Wouter Baljet,TV Arnhem,00:13:18,70,00:01:18,00:28:06,12,00:42:41,00:01:10,00:18:52,8,01:02:42,2e divisie
20,390,Bart Candel,EDO Sports 3 - Maastricht,00:12:25,54,00:01:10,00:28:36,28,00:42:10,00:00:59,00:19:42,21,01:02:50,2e divisie
21,309,Nico Verkade,De Bollenstreek - Noordwijkerhout,00:11:33,25,00:01:17,00:29:23,43,00:42:13,00:01:03,00:19:40,19,01:02:55,2e divisie
22,331,Mark Wilson,TV Rijnmond - Rotterdam,00:12:25,55,00:01:00,00:29:18,41,00:42:42,00:01:02,00:19:19,14,01:03:03,2e divisie
23,375,Karim Alders,FusionTEAMnl - Den Haag,00:11:02,12,00:01:03,00:29:52,53,00:41:56,00:00:59,00:20:11,29,01:03:06,2e divisie
24,325,Martin Nieuwstraten,TVS 90 - Spijkenisse,00:12:13,41,00:01:11,00:28:33,25,00:41:56,00:01:01,00:20:11,30,01:03:07,2e divisie
25,379,Delphin Kruithof Kremer,Tri-Experience - Poortugaal,00:12:31,57,00:01:26,00:28:22,17,00:42:18,00:01:04,00:19:59,27,01:03:20,2e divisie
26,386,Tim Kleinloog,ESWV Squadra Veloce - Eindhoven,00:13:09,67,00:01:25,00:28:09,13,00:42:42,00:01:05,00:19:37,18,01:03:23,2e divisie
27,342,Toine Hooijen,DSZ Wave - Delft,00:12:28,56,00:01:11,00:28:29,22,00:42:08,00:00:55,00:20:46,39,01:03:47,2e divisie
28,374,Sebastiaan Baan,FusionTEAMnl - Den Haag,00:11:42,29,00:01:37,00:29:42,48,00:43:00,00:01:01,00:19:48,22,01:03:48,2e divisie
29,388,Emile Manni,ESWV Squadra Veloce - Eindhoven,00:10:46,6,00:01:29,00:28:48,29,00:41:02,00:00:54,00:22:24,58,01:04:19,2e divisie
30,312,Jos Sneijders,De Bollenstreek - Noordwijkerhout,00:11:18,16,00:01:11,00:28:27,19,00:40:54,00:01:17,00:22:18,57,01:04:28,2e divisie
31,351,Martijn Phylipsen,TriCan 2 - Arnhem,00:12:08,38,00:01:36,00:28:26,18,00:42:09,00:01:15,00:21:07,46,01:04:31,2e divisie
32,335,Marc Niessen,Ironmanagers NL - Oosterhout,00:12:08,39,00:01:28,00:29:08,36,00:42:43,00:01:07,00:20:48,41,01:04:37,2e divisie
33,385,Krijn van Nuland,ESWV Squadra Veloce - Eindhoven,00:12:36,58,00:01:33,00:28:31,24,00:42:38,00:01:04,00:21:00,45,01:04:42,2e divisie
34,332,Berco Breugem,TV Rijnmond - Rotterdam,00:12:22,50,00:01:24,00:28:29,21,00:42:14,00:01:06,00:21:29,48,01:04:48,2e divisie
35,334,Matti de Bruijn,Ironmanagers NL - Oosterhout,00:10:50,10,00:01:12,00:28:49,30,00:40:50,00:01:02,00:23:03,65,01:04:55,2e divisie
36,321,Simon Lise,TV Arnhem,00:11:51,31,00:01:16,00:27:42,5,00:40:48,00:01:02,00:23:06,66,01:04:55,2e divisie
37,336,David Smitz,Ironmanagers NL - Oosterhout,00:11:27,18,00:01:31,00:30:48,67,00:43:45,00:01:10,00:20:04,28,01:04:57,2e divisie
38,305,Jordi Reedijk,TV Hoekse Waard - Oud Beijerland,00:12:02,35,00:01:44,00:31:09,71,00:44:54,00:01:01,00:19:08,11,01:05:01,2e divisie
39,307,Kees van der Voorden,TV Hoekse Waard - Oud Beijerland,00:12:53,64,00:01:08,00:30:38,61,00:44:38,00:01:06,00:19:19,13,01:05:02,2e divisie
40,323,Ivo Bracco Gartner,TV Arnhem,00:12:10,40,00:01:10,00:28:52,31,00:42:11,00:00:59,00:21:53,53,01:05:03,2e divisie
41,345,Sjoerd Hermsen,Bourgondische Triathlon Ploeg - Gendt,00:13:17,69,00:01:32,00:29:25,45,00:44:13,00:00:57,00:19:58,25,01:05:06,2e divisie
42,315,Richard den Hollander,TV Dordrecht,00:12:14,42,00:01:15,00:30:46,66,00:44:14,00:01:04,00:19:54,24,01:05:10,2e divisie
43,356,Nick de Bree,AV Clytoneus - Woerden,00:12:18,46,00:01:48,00:28:35,27,00:42:40,00:01:05,00:21:27,47,01:05:11,2e divisie
44,324,Erwin Kroeze,TV Arnhem,00:11:56,32,00:01:17,00:28:58,34,00:42:10,00:01:05,00:22:00,55,01:05:14,2e divisie
45,329,Dennis van de Worp,TV Rijnmond - Rotterdam,00:12:05,36,00:01:15,00:29:24,44,00:42:44,00:01:03,00:21:46,49,01:05:32,2e divisie
46,359,Jan Moerings,TOGA - Oud Gastel,00:12:19,47,00:01:34,00:28:55,32,00:42:46,00:01:09,00:21:49,51,01:05:43,2e divisie
47,382,Remko Wijnbergen,Trioss - Oss,00:13:06,66,00:01:22,00:29:18,42,00:43:46,00:01:06,00:20:54,44,01:05:44,2e divisie
48,378,Wesley Schol,Tri-Experience - Poortugaal,00:12:50,63,00:01:34,00:28:30,23,00:42:53,00:01:09,00:21:46,50,01:05:46,2e divisie
49,303,Robbert Neijenhuis,Movementsolutions.nl / De Zijl - Leiden,00:10:47,7,00:01:16,00:30:14,56,00:42:17,00:01:06,00:22:35,59,01:05:56,2e divisie
50,310,Alex Schelvis,De Bollenstreek - Noordwijkerhout,00:09:59,1,00:01:18,00:29:44,50,00:41:00,00:01:06,00:23:54,74,01:05:58,2e divisie
51,358,Jurgen Danen,TOGA - Oud Gastel,00:10:49,8,00:01:38,00:29:50,52,00:42:16,00:01:12,00:22:43,63,01:06:09,2e divisie
52,350,Ferry Schreven,TriCan 2 - Arnhem,00:12:48,62,00:01:31,00:30:37,60,00:44:55,00:00:59,00:20:19,32,01:06:12,2e divisie
53,384,Robert Bijl,Trioss - Oss,00:11:05,14,00:01:08,00:29:49,51,00:42:01,00:01:40,00:22:40,62,01:06:21,2e divisie
54,383,Stephan van de Vossenberg,Trioss - Oss,00:12:16,43,00:01:35,00:31:05,70,00:44:54,00:01:10,00:20:19,31,01:06:22,2e divisie
55,371,Bas Haaring,TTL - Leidschendam,00:13:39,78,00:01:19,00:30:12,55,00:45:10,00:00:56,00:20:27,34,01:06:32,2e divisie
56,368,Reinier Vos,TLV De Langstraat - Waalwijk,00:11:01,11,00:01:24,00:31:23,74,00:43:46,00:00:59,00:21:50,52,01:06:34,2e divisie
57,333,Remy den Boer,Ironmanagers NL - Oosterhout,00:10:14,3,00:01:21,00:30:42,63,00:42:16,00:00:56,00:23:25,71,01:06:37,2e divisie
58,343,Alexander Spoelstra,DSZ Wave - Delft,00:13:22,72,00:01:30,00:30:18,57,00:45:09,00:01:03,00:20:30,36,01:06:41,2e divisie
59,360,Koen van Elteren,TOGA - Oud Gastel,00:11:35,27,00:01:30,00:29:41,47,00:42:45,00:01:09,00:23:13,69,01:07:07,2e divisie
60,377,Mathijm Wassink,Tri-Experience - Poortugaal,00:11:59,34,00:01:06,00:29:43,49,00:42:47,00:01:02,00:23:27,72,01:07:14,2e divisie
61,338,Tijmen van der Burgt,NSTV Trion - Nijmegen,00:13:34,76,00:01:34,00:30:55,68,00:46:02,00:01:04,00:20:21,33,01:07:26,2e divisie
62,365,Cees Frikkee,TLV De Langstraat - Waalwijk,00:11:29,20,00:01:37,00:31:18,73,00:44:23,00:01:11,00:21:59,54,01:07:33,2e divisie
63,366,Ruud Meeren,TLV De Langstraat - Waalwijk,00:13:12,68,00:02:13,00:30:40,62,00:46:03,00:01:05,00:20:53,43,01:08:00,2e divisie
64,364,Peter de Blois,TC Alphen a/d Rijn,00:12:36,59,00:01:17,00:28:21,16,00:42:13,00:01:01,00:25:10,79,01:08:23,2e divisie
65,355,Johan Remmits,AV Clytoneus - Woerden,00:10:12,2,00:01:42,00:30:07,54,00:42:00,00:01:17,00:25:33,82,01:08:49,2e divisie
66,344,Tom Hemmes,DSZ Wave - Delft,00:12:40,60,00:01:50,00:31:13,72,00:45:42,00:01:25,00:22:01,56,01:09:07,2e divisie
67,392,Ivo Dahlmans,EDO Sports 3 - Maastricht,00:14:39,81,00:01:35,00:32:32,77,00:48:44,00:00:59,00:19:29,16,01:09:11,2e divisie
68,320,Kaspar Straathof,RTC - Den Haag,00:12:17,44,00:01:18,00:29:12,39,00:42:46,00:01:51,00:24:42,78,01:09:18,2e divisie
69,340,Luc van Ginneken,NSTV Trion - Nijmegen,00:15:29,85,00:01:20,00:29:13,40,00:46:02,00:01:06,00:22:36,60,01:09:42,2e divisie
70,387,Marco Pellegrini,ESWV Squadra Veloce - Eindhoven,00:13:23,73,00:01:30,00:30:20,58,00:45:12,00:01:22,00:23:17,70,01:09:50,2e divisie
71,347,Hes Derksen,Bourgondische Triathlon Ploeg - Gendt,00:13:28,74,00:01:54,00:30:44,64,00:46:05,00:01:14,00:22:38,61,01:09:56,2e divisie
72,363,Martijn Roozendaal,TC Alphen a/d Rijn,00:13:21,71,00:01:51,00:29:11,38,00:44:22,00:01:22,00:24:31,76,01:10:14,2e divisie
73,372,Gideon Komen,TTL - Leidschendam,00:14:17,80,00:01:20,00:32:53,80,00:48:29,00:00:59,00:20:51,42,01:10:18,2e divisie
74,354,Chris Snelleman,AV Clytoneus - Woerden,00:12:45,61,00:01:31,00:30:58,69,00:45:13,00:01:07,00:24:17,75,01:10:36,2e divisie
75,357,Mark van den Bergh,TOGA - Oud Gastel,00:13:31,75,00:01:40,00:31:24,75,00:46:35,00:01:06,00:23:07,67,01:10:47,2e divisie
76,349,Meinte Koster,TriCan 2 - Arnhem,00:11:32,24,00:01:20,00:31:51,76,00:44:41,00:01:08,00:25:13,80,01:11:01,2e divisie
77,381,Paul van den Heuvel,Trioss - Oss,00:11:21,17,00:01:38,00:32:43,79,00:45:41,00:01:25,00:24:39,77,01:11:44,2e divisie
78,308,Barend van der Giesen,TV Hoekse Waard - Oud Beijerland,00:12:21,49,00:02:02,00:33:07,81,00:47:29,00:01:42,00:23:07,68,01:12:16,2e divisie
79,362,Joeri van Egmond,TC Alphen a/d Rijn,00:14:58,84,00:01:36,00:34:32,83,00:51:05,00:01:16,00:20:36,38,01:12:56,2e divisie
80,348,Marco Weijsenfeld,Bourgondische Triathlon Ploeg - Gendt,00:13:34,77,00:01:58,00:30:28,59,00:46:00,00:01:19,00:26:31,83,01:13:49,2e divisie
81,330,Ron van der Graaf,TV Rijnmond - Rotterdam,00:13:59,79,00:01:32,00:33:31,82,00:49:01,00:01:20,00:23:50,73,01:14:10,2e divisie
82,341,Robert Lengkeek,DSZ Wave - Delft,00:12:58,65,00:01:15,00:30:46,65,00:44:58,00:01:04,00:28:22,84,01:14:24,2e divisie
83,370,Arie Franke,TTL - Leidschendam,00:14:52,83,00:02:21,00:34:35,84,00:51:47,00:01:21,00:23:02,64,01:16:09,2e divisie
84,337,Koen Vijverberg,NSTV Trion - Nijmegen,00:14:46,82,00:02:31,00:32:35,78,00:49:50,00:01:55,00:25:31,81,01:17:16,2e divisie
85,339,Taco Visser,NSTV Trion - Nijmegen,00:11:50,30,00:01:19,00:34:50,85,00:47:59,00:01:12,00:29:08,85,01:18:18,2e divisie
1,672,Berry Moonen,TC Maastricht,00:11:10,6,00:01:02,00:29:54,18,00:42:05,00:00:56,00:19:55,4,01:02:55,3e divisie
2,669,Filippo Colucci,TC Maastricht,00:11:58,14,00:01:12,00:28:59,3,00:42:08,00:00:59,00:20:10,6,01:03:16,3e divisie
3,670,Bob Glaudemans,TC Maastricht,00:12:17,22,00:01:11,00:29:50,16,00:43:18,00:00:47,00:19:13,2,01:03:17,3e divisie
4,623,Roelof Lovink,Cerberus 3 - Nijmegen,00:10:58,3,00:01:12,00:30:02,23,00:42:11,00:00:56,00:20:50,16,01:03:56,3e divisie
5,680,Maarten Koekoek,RTC 2 - Den Haag,00:11:48,11,00:01:16,00:29:10,4,00:42:14,00:01:02,00:20:53,17,01:04:08,3e divisie
6,675,Alejandro Olveira,Team UnLtd 2 - Rotterdam,00:12:13,20,00:01:23,00:29:50,15,00:43:24,00:01:06,00:20:24,7,01:04:53,3e divisie
7,613,Jan Boot,TTB 2 - Bodegraven,00:11:56,13,00:01:27,00:29:59,22,00:43:21,00:01:04,00:20:30,10,01:04:54,3e divisie
8,679,Michael Oudijn,RTC 2 - Den Haag,00:12:31,28,00:01:10,00:28:30,1,00:42:10,00:01:01,00:21:45,28,01:04:56,3e divisie
9,629,Bart Pinkse,RDG - Rosmalen,00:12:35,32,00:01:16,00:29:56,19,00:43:46,00:01:03,00:20:29,9,01:05:17,3e divisie
10,634,Jos Noordegraaf,Maaspoort / Triathlon Groep Voorne - Brielle,00:13:05,44,00:01:31,00:29:11,5,00:43:46,00:01:04,00:20:35,11,01:05:24,3e divisie
11,636,Ramon van der Knaap,Maaspoort / Triathlon Groep Voorne - Brielle,00:12:20,23,00:01:19,00:29:42,13,00:43:20,00:01:07,00:21:27,23,01:05:53,3e divisie
12,605,Stefan van den Berg,TZC Vahalis 2 - Tiel,00:11:32,9,00:01:20,00:29:19,10,00:42:10,00:00:53,00:22:56,50,01:05:58,3e divisie
13,602,Job van Leeuwen,Ferro Mosae 2 - Maastricht,00:14:26,69,00:01:27,00:29:19,9,00:45:11,00:01:00,00:19:52,3,01:06:03,3e divisie
14,665,Pim Scheiberlich,Triotters - Eindhoven,00:11:26,7,00:01:48,00:29:35,11,00:42:48,00:01:16,00:22:01,32,01:06:04,3e divisie
15,614,Wouter van Catz,TTB 2 - Bodegraven,00:12:07,18,00:01:32,00:30:27,33,00:44:05,00:01:04,00:21:04,18,01:06:12,3e divisie
16,674,Sebastiaan Wittenberg,Team UnLtd 2 - Rotterdam,00:13:17,48,00:01:17,00:29:13,6,00:43:46,00:01:02,00:21:29,24,01:06:17,3e divisie
17,617,Frank Timmermans,ATV Venray,00:12:36,34,00:01:25,00:29:44,14,00:43:45,00:01:01,00:21:36,25,01:06:20,3e divisie
18,635,Remco Palm,Maaspoort / Triathlon Groep Voorne - Brielle,00:12:40,36,00:01:25,00:29:16,7,00:43:20,00:01:06,00:21:59,30,01:06:24,3e divisie
19,620,Marcel Martens,ATV Venray,00:12:46,40,00:01:38,00:30:22,32,00:44:45,00:01:19,00:20:37,12,01:06:40,3e divisie
20,612,Jan-Peter Simons,TV Breda 2,00:12:24,25,00:01:19,00:29:57,21,00:43:39,00:01:08,00:22:06,34,01:06:53,3e divisie
21,640,Romke Janssen,TV Arnhem 2,00:12:30,27,00:01:19,00:29:51,17,00:43:39,00:01:03,00:22:18,40,01:07:00,3e divisie
22,622,Tom Hopman,Cerberus 3 - Nijmegen,00:13:36,55,00:01:26,00:30:43,39,00:45:44,00:01:04,00:20:26,8,01:07:14,3e divisie
23,608,Cees Verbeek,TZC Vahalis 2 - Tiel,00:12:06,17,00:01:02,00:30:16,30,00:43:23,00:01:12,00:22:44,46,01:07:18,3e divisie
24,606,Han Boselie,TZC Vahalis 2 - Tiel,00:12:12,19,00:01:36,00:29:56,20,00:43:43,00:01:01,00:22:38,45,01:07:21,3e divisie
25,637,Sebastian Sterk,TV Arnhem 2,00:13:49,61,00:01:33,00:30:49,40,00:46:10,00:01:04,00:20:08,5,01:07:21,3e divisie
26,609,Michael Gommeren,TV Breda 2,00:12:34,30,00:01:26,00:30:43,38,00:44:42,00:01:06,00:21:42,26,01:07:29,3e divisie
27,632,Thijs Peeters,RDG - Rosmalen,00:13:00,43,00:02:32,00:31:59,54,00:47:30,00:01:08,00:19:04,1,01:07:41,3e divisie
28,666,Lars van Elderen,Triotters - Eindhoven,00:11:44,10,00:01:22,00:32:42,66,00:45:47,00:01:17,00:20:38,13,01:07:41,3e divisie
29,668,Ivo Limpens,Triotters - Eindhoven,00:13:19,49,00:01:32,00:31:03,45,00:45:53,00:01:06,00:20:49,15,01:07:47,3e divisie
30,615,Roland Scholte,TTB 2 - Bodegraven,00:12:42,37,00:01:31,00:30:29,35,00:44:41,00:01:10,00:21:59,31,01:07:49,3e divisie
31,682,Lukas Vermeulen,TriCan 3 - Arnhem,00:10:57,2,00:01:26,00:31:32,49,00:43:54,00:01:19,00:22:46,47,01:07:58,3e divisie
32,619,Bart Schilders,ATV Venray,00:12:00,15,00:01:22,00:31:24,47,00:44:45,00:01:14,00:22:21,42,01:08:19,3e divisie
33,649,Dave van Hunsel,TV Weert 2,00:12:21,24,00:01:49,00:30:51,41,00:45:00,00:01:14,00:22:08,36,01:08:22,3e divisie
34,687,Mark Kleinloog,TLV De Langstraat 2 - Waalwijk,00:14:29,72,00:01:43,00:30:28,34,00:46:39,00:01:10,00:20:39,14,01:08:26,3e divisie
35,610,Niels van Dijk,TV Breda 2,00:11:09,5,00:01:40,00:31:22,46,00:44:10,00:01:12,00:23:12,57,01:08:33,3e divisie
36,626,Raoul Majewski,TV Rijnmond 2 - Rotterdam,00:14:05,63,00:01:44,00:30:03,24,00:45:52,00:01:05,00:21:43,27,01:08:39,3e divisie
37,630,Coen Spierings,RDG - Rosmalen,00:12:15,21,00:01:56,00:30:04,26,00:44:14,00:02:25,00:22:15,39,01:08:54,3e divisie
38,639,Bastiaan Gosselink,TV Arnhem 2,00:13:27,53,00:01:17,00:31:27,48,00:46:10,00:01:10,00:21:47,29,01:09:06,3e divisie
39,650,Pedro van Vliet,TV Weert 2,00:12:31,29,00:01:39,00:30:52,43,00:45:02,00:01:12,00:23:05,55,01:09:17,3e divisie
40,647,Virgill Mighorst,TVS 90 2 - Spijkenisse,00:14:33,73,00:01:19,00:28:52,2,00:44:42,00:01:33,00:23:23,59,01:09:38,3e divisie
41,654,Michiel IJskes,Trip - Pijnacker,00:12:28,26,00:01:42,00:29:35,12,00:43:44,00:01:17,00:24:41,68,01:09:40,3e divisie
42,611,Joppe Tigges,TV Breda 2,00:11:00,4,00:01:35,00:30:52,42,00:43:26,00:01:12,00:25:14,73,01:09:51,3e divisie
43,653,Hans van Langen,Trip - Pijnacker,00:13:44,58,00:01:28,00:30:43,37,00:45:54,00:01:06,00:22:57,52,01:09:57,3e divisie
44,607,Waldo Duin,TZC Vahalis 2 - Tiel,00:12:54,41,00:01:15,00:29:17,8,00:43:24,00:01:20,00:25:14,74,01:09:58,3e divisie
45,667,Frank Harperink,Triotters - Eindhoven,00:14:06,64,00:01:46,00:30:03,25,00:45:55,00:01:13,00:22:57,51,01:10:03,3e divisie
46,652,Daan van Hoef,TV Weert 2,00:12:02,16,00:01:25,00:32:50,67,00:46:16,00:01:29,00:22:23,43,01:10:07,3e divisie
47,616,Tonny Zaal,TTB 2 - Bodegraven,00:13:45,59,00:01:31,00:33:04,69,00:48:20,00:00:59,00:21:05,19,01:10:22,3e divisie
48,633,Bert Hansen,Maaspoort / Triathlon Groep Voorne - Brielle,00:13:28,54,00:01:36,00:32:16,56,00:47:19,00:01:05,00:22:09,37,01:10:33,3e divisie
49,645,Sam Eyking,TVS 90 2 - Spijkenisse,00:12:45,39,00:01:02,00:32:30,60,00:46:15,00:01:03,00:23:19,58,01:10:37,3e divisie
50,688,Henrik Sellies,TLV De Langstraat 2 - Waalwijk,00:13:38,56,00:01:41,00:32:04,55,00:47:22,00:01:07,00:22:09,38,01:10:38,3e divisie
51,601,Lennart van der Burg,Ferro Mosae 2 - Maastricht,00:15:07,78,00:01:50,00:31:01,44,00:47:57,00:01:45,00:21:09,20,01:10:50,3e divisie
52,671,Jos Aarts,TC Maastricht,00:12:37,35,00:01:11,00:32:24,58,00:46:11,00:01:05,00:24:00,65,01:11:14,3e divisie
53,642,Jeroen Fakkeldij,De Zijl 2 - Leiden,00:13:21,50,00:01:11,00:30:11,27,00:44:43,00:01:35,00:24:59,70,01:11:16,3e divisie
54,676,Paul Konijnenburg,Team UnLtd 2 - Rotterdam,00:15:46,81,00:02:13,00:30:15,29,00:48:13,00:01:42,00:21:24,22,01:11:18,3e divisie
55,686,Elmar van Deijck,TLV De Langstraat 2 - Waalwijk,00:12:44,38,00:01:24,00:33:18,71,00:47:25,00:01:08,00:22:55,49,01:11:27,3e divisie
56,618,Ludy Verstappen,ATV Venray,00:12:36,33,00:01:28,00:32:32,62,00:46:35,00:01:23,00:23:33,60,01:11:30,3e divisie
57,691,Sep Thijssen,NSTV Trion 2 - Nijmegen,00:16:36,85,00:01:21,00:31:51,53,00:49:47,00:00:59,00:21:13,21,01:11:58,3e divisie
58,689,Marco Kaandorp,NSTV Trion 2 - Nijmegen,00:14:21,67,00:01:18,00:33:14,70,00:48:52,00:01:12,00:22:02,33,01:12:05,3e divisie
59,690,Norbert Herhesdorf,NSTV Trion 2 - Nijmegen,00:14:09,66,00:01:32,00:30:12,28,00:45:52,00:01:24,00:25:13,72,01:12:28,3e divisie
60,692,Adriaan Kleinhout,NSTV Trion 2 - Nijmegen,00:13:59,62,00:01:28,00:30:21,31,00:45:47,00:01:12,00:25:39,76,01:12:37,3e divisie
61,643,Luuk Lubbers,De Zijl 2 - Leiden,00:14:48,77,00:01:42,00:31:47,52,00:48:16,00:01:39,00:23:00,53,01:12:54,3e divisie
62,677,Chiel Donkers,RTC 2 - Den Haag,00:15:42,80,00:01:16,00:32:52,68,00:49:50,00:00:53,00:22:19,41,01:13:01,3e divisie
63,625,Pim Veldhuis,TV Rijnmond 2 - Rotterdam,00:13:40,57,00:01:16,00:32:34,63,00:47:28,00:01:13,00:24:31,67,01:13:11,3e divisie
64,638,Maarten van Alphen,TV Arnhem 2,00:13:49,60,00:01:49,00:32:26,59,00:48:02,00:01:24,00:23:56,63,01:13:22,3e divisie
65,631,Harrie van der Vegt,RDG - Rosmalen,00:14:08,65,00:02:01,00:32:40,65,00:48:47,00:01:16,00:23:56,64,01:13:59,3e divisie
66,624,Roel Schouteten,Cerberus 3 - Nijmegen,00:11:30,8,00:01:25,00:30:42,36,00:43:36,00:01:11,00:29:20,86,01:14:06,3e divisie
67,683,Peter ten Tuijnte,TriCan 3 - Arnhem,00:14:46,75,00:01:25,00:32:24,57,00:48:33,00:01:12,00:24:25,66,01:14:10,3e divisie
68,655,Noël van Peij,Trip - Pijnacker,00:15:30,79,00:01:40,00:33:29,73,00:50:38,00:01:30,00:22:54,48,01:15:01,3e divisie
69,646,Gerard Bank,TVS 90 2 - Spijkenisse,00:13:17,47,00:01:40,00:32:31,61,00:47:27,00:01:46,00:25:55,79,01:15:07,3e divisie
70,659,Marein Verkerk,TV Breukelen,00:15:54,82,00:01:48,00:34:00,77,00:51:42,00:01:24,00:22:08,35,01:15:13,3e divisie
71,658,Roy Danckaarts,TV Breukelen,00:11:48,12,00:01:29,00:33:29,74,00:46:46,00:01:24,00:27:09,82,01:15:17,3e divisie
72,628,Jeroen Alkemade,TV Rijnmond 2 - Rotterdam,00:14:42,74,00:01:31,00:34:24,80,00:50:35,00:01:36,00:23:08,56,01:15:18,3e divisie
73,627,Ralph Poelstra,TV Rijnmond 2 - Rotterdam,00:13:16,46,00:01:58,00:33:59,76,00:49:13,00:01:32,00:24:44,69,01:15:28,3e divisie
74,603,Remco Doodkorte,Ferro Mosae 2 - Maastricht,00:14:27,70,00:01:48,00:31:45,51,00:47:59,00:01:36,00:25:54,78,01:15:29,3e divisie
75,678,Vincent Philips,RTC 2 - Den Haag,00:15:58,84,00:01:15,00:33:22,72,00:50:34,00:01:34,00:23:37,61,01:15:44,3e divisie
76,656,Bert IJszenga,Trip - Pijnacker,00:13:25,51,00:01:51,00:34:23,79,00:49:38,00:01:08,00:25:11,71,01:15:57,3e divisie
77,641,Milo Warmerdam,De Zijl 2 - Leiden,00:14:24,68,00:01:23,00:33:30,75,00:49:16,00:01:22,00:25:33,75,01:16:10,3e divisie
78,651,R.J.M.H. Jacobs,TV Weert 2,00:13:11,45,00:01:54,00:32:38,64,00:47:42,00:01:33,00:27:19,83,01:16:33,3e divisie
79,681,Paul Zirkzee,TriCan 3 - Arnhem,00:10:56,1,00:01:42,00:34:29,81,00:47:06,00:01:26,00:28:10,84,01:16:42,3e divisie
80,662,Michiel van der Eerden,TV Roermond,00:12:35,31,00:02:15,00:36:00,86,00:50:48,00:01:33,00:25:47,77,01:18:08,3e divisie
81,661,Roland Kruijtzer,TV Roermond,00:15:57,83,00:02:15,00:35:40,83,00:53:51,00:01:33,00:23:00,54,01:18:22,3e divisie
82,685,Arno Winkelmolen,TLV De Langstraat 2 - Waalwijk,00:14:48,76,00:02:23,00:35:57,85,00:53:07,00:01:41,00:23:38,62,01:18:26,3e divisie
83,663,John Atkinson,TV Roermond,00:16:41,87,00:02:18,00:35:06,82,00:54:04,00:02:21,00:22:36,44,01:18:59,3e divisie
84,648,Jeffrey van Haasteren,TVS 90 2 - Spijkenisse,00:13:26,52,00:01:51,00:36:31,87,00:51:47,00:01:14,00:26:27,80,01:19:27,3e divisie
85,604,Pieter Kooijman,Ferro Mosae 2 - Maastricht,00:12:59,42,00:03:30,00:31:33,50,00:48:01,00:02:48,00:30:13,88,01:21:01,3e divisie
86,644,Sebastiaan Rust,De Zijl 2 - Leiden,00:14:27,71,00:02:11,00:34:05,78,00:50:42,00:01:50,00:28:38,85,01:21:09,3e divisie
87,657,Sander van Damme,TV Breukelen,00:17:19,88,00:02:04,00:35:43,84,00:55:05,00:01:37,00:26:55,81,01:23:35,3e divisie
88,684,Tjeerd de Vries,TriCan 3 - Arnhem,00:16:40,86,00:02:30,00:38:35,88,00:57:44,00:01:58,00:30:01,87,01:29:42,3e divisie
89,673,Sabastiaan Boerlage,Team UnLtd 2 - Rotterdam,00:17:31,89,00:02:27,00:40:19,89,01:00:16,00:02:01,00:30:27,89,01:32:43,3e divisie
1,583,Wouter van Dijk,Tri4Friends - Amsterdam,00:11:53,11,00:01:05,00:28:12,8,00:41:09,00:00:51,00:19:02,5,01:01:02,3e divisie
2,593,Marcel ten Hove,Rosiir / TTvW Hof van Twente 2 - Goor,00:12:20,25,00:01:12,00:28:55,22,00:42:26,00:00:52,00:17:52,1,01:01:10,3e divisie
3,527,Taeco Tol,Triami - Deventer,00:12:13,17,00:01:17,00:28:37,12,00:42:06,00:00:57,00:18:39,2,01:01:41,3e divisie
4,584,Kristian van Hemert,Tri4Friends - Amsterdam,00:12:15,21,00:01:11,00:28:38,13,00:42:02,00:00:56,00:19:03,6,01:02:00,3e divisie
5,522,Fons van Workum,Hellas 4 - Utrecht,00:13:19,52,00:01:20,00:27:50,2,00:42:28,00:00:56,00:18:52,4,01:02:15,3e divisie
6,582,Edwin Ruumpol,Team EBS / Pikeur Makelaars - Borculo,00:12:14,19,00:01:10,00:28:39,14,00:42:03,00:00:53,00:19:36,11,01:02:30,3e divisie
7,574,Koos Zut,DTC - Heerhugowaard,00:12:03,14,00:01:15,00:27:50,1,00:41:08,00:00:55,00:20:54,31,01:02:55,3e divisie
8,557,Theo Fuhler,De Boks 2 - Klazienaveen,00:12:27,30,00:01:07,00:28:55,23,00:42:29,00:00:52,00:19:36,12,01:02:56,3e divisie
9,519,Peter Deege,Hellas 4 - Utrecht,00:10:44,1,00:01:10,00:29:14,28,00:41:07,00:01:12,00:20:49,29,01:03:07,3e divisie
10,513,Berry van Holland,Triteam Groningen 3,00:11:14,4,00:01:05,00:28:50,20,00:41:08,00:00:50,00:21:14,38,01:03:12,3e divisie
11,512,Ben Kloosterboer,Triteam Groningen 3,00:11:20,6,00:01:04,00:28:48,19,00:41:11,00:00:56,00:21:09,35,01:03:15,3e divisie
12,585,Joris van Dijk,Tri4Friends - Amsterdam,00:11:50,9,00:01:08,00:28:08,6,00:41:05,00:00:57,00:21:31,44,01:03:32,3e divisie
14,572,Ivar Ottenbros,DTC - Heerhugowaard,00:13:16,48,00:01:06,00:28:26,10,00:42:48,00:01:01,00:20:13,17,01:04:00,3e divisie
15,579,Bas Goossens,Team EBS / Pikeur Makelaars - Borculo,00:13:10,46,00:01:22,00:27:55,3,00:42:27,00:01:02,00:20:37,26,01:04:05,3e divisie
16,532,Lammert van der Veen,AV Impala 2 - Drachten,00:11:14,5,00:01:12,00:28:45,17,00:41:11,00:01:02,00:21:54,49,01:04:05,3e divisie
17,580,Bernard Hilferink,Team EBS / Pikeur Makelaars - Borculo,00:12:22,26,00:01:19,00:29:05,26,00:42:45,00:00:56,00:20:35,25,01:04:15,3e divisie
18,550,Arend-Jan van de Hoek,Triade 2 - Zwolle,00:13:17,50,00:01:20,00:28:06,5,00:42:42,00:01:12,00:20:26,21,01:04:19,3e divisie
19,529,Sander Stoevenbelt,Triami - Deventer,00:12:14,20,00:01:16,00:29:31,33,00:43:00,00:00:56,00:20:28,22,01:04:24,3e divisie
20,521,Anne Leskens,Hellas 4 - Utrecht,00:12:15,22,00:01:14,00:29:03,25,00:42:31,00:01:03,00:20:54,32,01:04:27,3e divisie
21,573,Bob van Walsum,DTC - Heerhugowaard,00:12:10,16,00:01:14,00:29:24,32,00:42:46,00:01:00,00:20:45,28,01:04:31,3e divisie
22,581,Rohalt Bergsma,Team EBS / Pikeur Makelaars - Borculo,00:11:41,8,00:01:21,00:29:48,40,00:42:49,00:01:04,00:20:41,27,01:04:33,3e divisie
23,588,Dennis Roeloffzen,Trivana 2 - Weesp,00:13:00,39,00:01:23,00:30:17,50,00:44:39,00:00:51,00:19:08,8,01:04:38,3e divisie
24,511,Wouter Visch,Triteam Groningen 3,00:13:33,59,00:00:56,00:29:15,29,00:43:42,00:00:50,00:20:16,18,01:04:48,3e divisie
25,571,Hans Bader,DTC - Heerhugowaard,00:14:13,71,00:01:29,00:28:51,21,00:44:32,00:01:05,00:19:22,9,01:04:58,3e divisie
26,594,Andy de Jong,Rosiir / TTvW Hof van Twente 2 - Goor,00:13:35,62,00:01:16,00:29:43,39,00:44:33,00:00:54,00:19:33,10,01:04:59,3e divisie
27,590,Martin Kroes,Trivana 2 - Weesp,00:13:00,40,00:01:25,00:28:22,9,00:42:47,00:01:13,00:21:06,34,01:05:04,3e divisie
28,514,Sam Kamminga,Triteam Groningen 3,00:12:53,37,00:01:24,00:28:28,11,00:42:44,00:01:09,00:21:23,41,01:05:15,3e divisie
29,537,Frank van de Weerd,VZC 3 - Veenendaal,00:12:39,35,00:01:32,00:29:54,41,00:44:04,00:01:01,00:20:11,15,01:05:15,3e divisie
30,531,Anton Tuinstra,AV Impala 2 - Drachten,00:12:28,31,00:01:25,00:28:48,18,00:42:39,00:00:58,00:21:41,45,01:05:18,3e divisie
31,534,Stefan de Vries,AV Impala 2 - Drachten,00:13:03,43,00:01:42,00:27:58,4,00:42:42,00:00:59,00:21:43,46,01:05:22,3e divisie
32,523,Tom Hardam,De Dolfijn 4 - Amsterdam,00:13:55,69,00:01:18,00:29:17,31,00:44:30,00:00:56,00:20:12,16,01:05:37,3e divisie
33,587,Michael Rippens,Trivana 2 - Weesp,00:13:16,49,00:01:18,00:30:04,43,00:44:38,00:01:00,00:20:08,14,01:05:44,3e divisie
34,538,Laurens van Outheusden,VZC 3 - Veenendaal,00:12:27,28,00:01:09,00:28:56,24,00:42:32,00:01:14,00:22:09,55,01:05:55,3e divisie
35,597,Rik Jansen,TZT 86 - Nijeveen,00:13:24,55,00:01:18,00:29:07,27,00:43:48,00:00:55,00:21:14,39,01:05:57,3e divisie
36,598,Michiel van Goor,TZT 86 - Nijeveen,00:14:24,73,00:01:26,00:28:40,15,00:44:29,00:01:05,00:20:35,24,01:06:08,3e divisie
37,516,Thomas Bennis,TVA 3 - Almere,00:11:54,12,00:01:07,00:31:55,72,00:44:55,00:00:54,00:20:24,20,01:06:12,3e divisie
38,535,Norbert Eelman,VZC 3 - Veenendaal,00:11:30,7,00:01:20,00:30:03,42,00:42:52,00:00:58,00:22:34,59,01:06:23,3e divisie
39,589,Erwin van Roemburg,Trivana 2 - Weesp,00:13:24,54,00:01:11,00:30:04,45,00:44:39,00:00:57,00:20:51,30,01:06:26,3e divisie
40,558,Roy Kreeft,De Boks 2 - Klazienaveen,00:12:58,38,00:01:47,00:30:29,55,00:45:13,00:00:59,00:20:23,19,01:06:35,3e divisie
41,515,Marcel Caro,TVA 3 - Almere,00:12:17,23,00:01:22,00:29:42,38,00:43:19,00:01:05,00:22:14,56,01:06:37,3e divisie
42,565,Stefan Wehnes,AZVD / Duursport DEM 2 - Beverwijk,00:12:05,15,00:01:43,00:30:23,53,00:44:09,00:01:04,00:21:27,42,01:06:39,3e divisie
43,561,Albert Rosendahl,TC Twente 3 - Enschede,00:13:01,42,00:01:33,00:28:10,7,00:42:43,00:01:06,00:22:57,61,01:06:45,3e divisie
44,533,Anne de Jong,AV Impala 2 - Drachten,00:13:52,68,00:01:43,00:29:40,37,00:45:15,00:01:10,00:20:29,23,01:06:52,3e divisie
45,595,Peter Visscher,TZT 86 - Nijeveen,00:13:10,45,00:01:05,00:28:43,16,00:42:57,00:01:09,00:23:00,62,01:07:05,3e divisie
46,517,Mark Bennis,TVA 3 - Almere,00:12:36,34,00:01:07,00:30:23,52,00:44:06,00:01:16,00:21:49,47,01:07:10,3e divisie
47,552,Iwan Brink,Team Tegenkracht - Zwolle,00:12:29,33,00:01:23,00:30:11,48,00:44:03,00:01:10,00:22:02,53,01:07:14,3e divisie
48,518,Cor Boerman,TVA 3 - Almere,00:11:51,10,00:01:34,00:29:39,36,00:43:03,00:01:22,00:23:08,63,01:07:32,3e divisie
49,528,Simon Krukkert,Triami - Deventer,00:13:34,60,00:01:20,00:29:35,35,00:44:28,00:01:03,00:22:08,54,01:07:38,3e divisie
50,548,Henri Slabbekoorn,Triade 2 - Zwolle,00:13:43,64,00:01:40,00:30:04,46,00:45:26,00:01:02,00:21:12,36,01:07:40,3e divisie
51,553,Sten Iseger,Team Tegenkracht - Zwolle,00:12:28,32,00:01:19,00:29:15,30,00:43:02,00:01:10,00:23:34,70,01:07:45,3e divisie
52,592,Richard Huisken,Rosiir / TTvW Hof van Twente 2 - Goor,00:10:48,2,00:01:30,00:31:02,64,00:43:19,00:00:58,00:23:31,68,01:07:47,3e divisie
53,551,Edwin Schrik,Team Tegenkracht - Zwolle,00:14:22,72,00:01:35,00:30:36,58,00:46:32,00:01:12,00:20:06,13,01:07:49,3e divisie
54,566,Michiel Hoff,AZVD / Duursport DEM 2 - Beverwijk,00:13:28,56,00:01:21,00:30:04,44,00:44:52,00:01:15,00:22:01,52,01:08:07,3e divisie
55,546,Giorgio Carrara,ATAC - Amsterdam,00:14:41,76,00:01:45,00:32:02,74,00:48:27,00:01:05,00:18:41,3,01:08:12,3e divisie
56,562,Kevin van de Wetering,TC Twente 3 - Enschede,00:13:01,41,00:01:26,00:29:32,34,00:43:58,00:01:05,00:23:16,65,01:08:18,3e divisie
57,545,Christian Cuneo,ATAC - Amsterdam,00:14:01,70,00:01:49,00:30:32,56,00:46:22,00:01:15,00:21:14,37,01:08:50,3e divisie
58,555,Rob Doornbos,De Boks 2 - Klazienaveen,00:13:38,63,00:01:14,00:31:44,71,00:46:35,00:01:05,00:21:30,43,01:09:09,3e divisie
59,525,Henrick Doorn,De Dolfijn 4 - Amsterdam,00:13:07,44,00:01:39,00:31:26,69,00:46:11,00:01:12,00:22:00,51,01:09:21,3e divisie
60,569,Dinant Krijgsman,Trios 88 - Borne,00:12:13,18,00:01:37,00:30:51,61,00:44:41,00:01:13,00:23:32,69,01:09:25,3e divisie
61,530,Sander Runia,Triami - Deventer,00:13:35,61,00:01:44,00:30:10,47,00:45:28,00:01:42,00:22:18,57,01:09:27,3e divisie
62,544,Terence McCartan,ATAC - Amsterdam,00:13:33,58,00:01:49,00:31:15,65,00:46:36,00:01:03,00:21:51,48,01:09:29,3e divisie
63,554,Klaas Arkema,Team Tegenkracht - Zwolle,00:13:52,67,00:01:42,00:30:57,63,00:46:30,00:01:11,00:21:56,50,01:09:37,3e divisie
64,567,Gijs Adams,Trios 88 - Borne,00:12:27,29,00:01:29,00:30:48,60,00:44:43,00:01:19,00:23:39,71,01:09:40,3e divisie
65,586,Holger Wagenaar,Tri4Friends - Amsterdam,00:15:16,79,00:02:36,00:31:33,70,00:49:24,00:01:27,00:19:05,7,01:09:55,3e divisie
66,526,Maarten van der Lee,De Dolfijn 4 - Amsterdam,00:13:18,51,00:01:36,00:31:23,67,00:46:16,00:01:08,00:22:35,60,01:09:58,3e divisie
67,564,Ton Rietmann,AZVD / Duursport DEM 2 - Beverwijk,00:13:16,47,00:01:41,00:30:33,57,00:45:29,00:01:08,00:23:43,72,01:10:19,3e divisie
68,568,Hein Oude Hesselink,Trios 88 - Borne,00:14:35,75,00:01:40,00:31:59,73,00:48:13,00:01:18,00:20:57,33,01:10:27,3e divisie
69,549,Edward van Dootingh,Triade 2 - Zwolle,00:11:57,13,00:01:25,00:30:43,59,00:44:04,00:01:14,00:25:17,78,01:10:33,3e divisie
70,563,Chris Kleijn,AZVD / Duursport DEM 2 - Beverwijk,00:14:34,74,00:01:32,00:30:17,51,00:46:22,00:01:03,00:23:12,64,01:10:36,3e divisie
71,578,Fedor Exmann,ZSC Oceanus 2 - Aalsmeer,00:13:51,66,00:01:55,00:30:54,62,00:46:39,00:01:54,00:23:23,67,01:11:55,3e divisie
72,536,Maarten Bremen,VZC 3 - Veenendaal,00:13:31,57,00:01:21,00:34:35,81,00:49:26,00:01:22,00:21:22,40,01:12:10,3e divisie
73,560,Wouter Andringa,TC Twente 3 - Enschede,00:15:11,77,00:01:26,00:32:48,76,00:49:24,00:01:05,00:22:20,58,01:12:49,3e divisie
74,524,Bart Varekamp,De Dolfijn 4 - Amsterdam,00:12:20,24,00:01:23,00:30:27,54,00:44:09,00:01:20,00:27:46,81,01:13:14,3e divisie
75,596,Robert ten Wolde,TZT 86 - Nijeveen,00:13:23,53,00:01:51,00:31:24,68,00:46:37,00:01:34,00:25:08,76,01:13:19,3e divisie
76,577,Bart Wijn,ZSC Oceanus 2 - Aalsmeer,00:13:50,65,00:02:13,00:31:17,66,00:47:19,00:01:36,00:25:13,77,01:14:08,3e divisie
77,575,John Heijsteeg,ZSC Oceanus 2 - Aalsmeer,00:12:52,36,00:01:30,00:34:13,79,00:48:35,00:01:06,00:24:32,74,01:14:12,3e divisie
78,542,Martijn de Jong,HPC - Heemstede,00:12:26,27,00:02:02,00:32:41,75,00:47:08,00:01:39,00:25:46,79,01:14:33,3e divisie
79,576,Menno Wiersma,ZSC Oceanus 2 - Aalsmeer,00:15:14,78,00:01:31,00:33:50,78,00:50:34,00:01:05,00:23:20,66,01:14:59,3e divisie
80,570,Henk Passies,Trios 88 - Borne,00:16:26,82,00:02:06,00:33:35,77,00:52:06,00:00:53,00:23:56,73,01:16:54,3e divisie
81,559,Albert van der Smissen,TC Twente 3 - Enschede,00:16:00,80,00:01:57,00:34:15,80,00:52:11,00:01:50,00:24:45,75,01:18:45,3e divisie
82,591,Emiel Huisken,Rosiir / TTvW Hof van Twente 2 - Goor,00:10:57,3,00:01:25,00:30:12,49,00:42:34,00:04:00,00:32:57,82,01:19:30,3e divisie
83,539,Maurits Aalberse,HPC - Heemstede,00:16:17,81,00:02:24,00:38:32,82,00:57:13,00:01:40,00:26:24,80,01:25:16,3e divisie
1,789,Marco Glastra,Utrechtse Heuvelrug Triathlon Team - Doorn,00:12:18,9,00:01:02,00:28:38,4,00:41:57,00:00:52,00:17:52,1,01:00:40,4e divisie
2,703,Bart Smink,Triteam Groningen 4,00:11:28,5,00:01:21,00:29:11,15,00:41:58,00:00:56,00:18:03,2,01:00:57,4e divisie
3,802,Jeroen Visser,Vleck Wijnen - Utrecht,00:12:42,18,00:01:20,00:29:06,12,00:43:08,00:00:53,00:18:21,4,01:02:20,4e divisie
4,782,Henk Elbertsen,Van der Voort groep / team Oude Veer - Breezand,00:12:14,7,00:01:07,00:28:43,6,00:42:02,00:00:59,00:19:33,10,01:02:33,4e divisie
5,781,Rene Hoep,Van der Voort groep / team Oude Veer - Breezand,00:12:49,21,00:00:53,00:29:23,22,00:43:05,00:00:53,00:18:47,6,01:02:43,4e divisie
6,791,Bart In 't Veld,Utrechtse Heuvelrug Triathlon Team - Doorn,00:12:42,17,00:01:03,00:29:13,16,00:42:57,00:00:57,00:19:00,7,01:02:53,4e divisie
7,750,Willem Jan de Graaf,ASU 11 2 - Amsterdam,00:13:31,35,00:01:26,00:28:42,5,00:43:38,00:00:59,00:18:32,5,01:03:08,4e divisie
8,710,Stephan Groenenboom,Hellas 5 - Utrecht,00:12:33,16,00:01:14,00:29:16,18,00:43:02,00:00:56,00:19:28,9,01:03:26,4e divisie
9,792,Jorrit Thiele,Utrechtse Heuvelrug Triathlon Team - Doorn,00:13:13,28,00:01:20,00:28:35,3,00:43:08,00:00:56,00:20:07,15,01:04:10,4e divisie
10,712,Peter Kuin,Hellas 5 - Utrecht,00:12:49,22,00:01:10,00:29:06,13,00:43:04,00:00:53,00:20:26,18,01:04:22,4e divisie
11,728,Sander den Hartog,Sanders Puzzelboeken / Aquapoldro 3 - Apeldoorn,00:13:58,50,00:01:22,00:28:31,1,00:43:49,00:01:03,00:19:45,11,01:04:36,4e divisie
12,704,Dennis Weerdenburg,Triteam Groningen 4,00:14:18,59,00:01:36,00:29:33,26,00:45:27,00:01:06,00:18:04,3,01:04:36,4e divisie
13,709,Gersom Post Hospers,Hellas 5 - Utrecht,00:11:05,1,00:01:19,00:29:03,10,00:41:25,00:01:07,00:22:09,40,01:04:41,4e divisie
14,790,Charles Helsper,Utrechtse Heuvelrug Triathlon Team - Doorn,00:13:45,44,00:01:23,00:28:45,7,00:43:52,00:01:03,00:19:58,12,01:04:52,4e divisie
15,752,Maurits Swellengrebel,ASU 11 2 - Amsterdam,00:11:24,3,00:01:15,00:30:55,50,00:43:33,00:01:00,00:20:40,21,01:05:12,4e divisie
16,711,Sjoerd Wever,Hellas 5 - Utrecht,00:12:32,14,00:01:14,00:29:22,21,00:43:07,00:01:01,00:21:13,30,01:05:20,4e divisie
17,721,Gerard Ypma,IZGS 2 - Haarlem,00:13:16,30,00:01:40,00:28:46,8,00:43:41,00:01:05,00:20:46,24,01:05:31,4e divisie
18,733,Dennis Heilbron,Siosport - Utrecht,00:13:26,32,00:01:54,00:28:33,2,00:43:51,00:01:09,00:21:06,29,01:06:05,4e divisie
19,785,Lars Vreugdenhil,Amsterdamse Triathlons - Amsterdam,00:13:04,26,00:01:33,00:29:03,11,00:43:39,00:01:15,00:21:19,31,01:06:12,4e divisie
20,757,Rob Martens,AZVD / Duursport DEM 4 - Beverwijk,00:13:14,29,00:02:15,00:29:15,17,00:44:44,00:01:22,00:20:07,14,01:06:12,4e divisie
21,723,Bjorn Denissen,IZGS 2 - Haarlem,00:14:38,65,00:01:48,00:29:59,33,00:46:24,00:01:03,00:19:06,8,01:06:31,4e divisie
22,727,Max van der Wal,Sanders Puzzelboeken / Aquapoldro 3 - Apeldoorn,00:13:25,31,00:01:19,00:30:37,45,00:45:20,00:01:03,00:20:15,16,01:06:37,4e divisie
23,715,Rutger Wind,AV Impala 3 - Drachten,00:11:29,6,00:01:12,00:30:26,43,00:43:06,00:01:01,00:22:41,45,01:06:47,4e divisie
24,717,Joeri Overman,Man / Triteam Chalet Beyond 2 - Amersfoort,00:13:41,41,00:01:40,00:30:13,38,00:45:33,00:01:16,00:19:59,13,01:06:47,4e divisie
25,747,Peter Van Essen,Triathlon Soest 2,00:12:57,25,00:01:48,00:29:02,9,00:43:46,00:01:22,00:21:42,34,01:06:48,4e divisie
26,798,Frits Gijsman,ASU 11 3 - Amsterdam,00:12:23,11,00:01:44,00:31:13,52,00:45:18,00:01:18,00:20:22,17,01:06:58,4e divisie
27,726,Dirk Boelens,Sanders Puzzelboeken / Aquapoldro 3 - Apeldoorn,00:12:44,19,00:01:16,00:31:20,57,00:45:19,00:01:06,00:20:43,23,01:07:07,4e divisie
28,713,Bennie Hoeksma,AV Impala 3 - Drachten,00:13:53,48,00:01:38,00:29:57,31,00:45:28,00:01:01,00:20:47,25,01:07:16,4e divisie
29,795,Jeroen Jansen,TTvW Hof van Twente 3 - Goor,00:12:16,8,00:01:23,00:30:05,35,00:43:43,00:01:12,00:23:03,53,01:07:57,4e divisie
30,753,Jeroen van Dijk,Triade 3 - Zwolle,00:12:52,23,00:01:43,00:29:10,14,00:43:44,00:01:05,00:23:09,60,01:07:57,4e divisie
31,793,Gerben Heimerink,TTvW Hof van Twente 3 - Goor,00:15:07,74,00:01:54,00:29:25,23,00:46:25,00:01:00,00:20:34,19,01:07:59,4e divisie
32,763,Bart-Jan van Barneveld,TTW 3 - Weesp,00:12:55,24,00:01:34,00:29:26,24,00:43:54,00:01:21,00:22:49,49,01:08:02,4e divisie
33,749,Roald Waaijer,ASU 11 2 - Amsterdam,00:13:32,37,00:01:23,00:31:24,58,00:46:18,00:01:07,00:20:40,22,01:08:04,4e divisie
34,722,Rody Schiffer,IZGS 2 - Haarlem,00:13:06,27,00:01:27,00:30:48,47,00:45:21,00:01:00,00:21:53,35,01:08:13,4e divisie
35,778,Edwin Keijzer,AV Heerenveen,00:13:52,45,00:01:51,00:29:47,29,00:45:30,00:01:14,00:21:33,33,01:08:16,4e divisie
36,716,Raoul van Gogh,AV Impala 3 - Drachten,00:12:18,10,00:01:15,00:30:15,39,00:43:47,00:01:10,00:23:31,67,01:08:27,4e divisie
37,701,Rick Nevels,Triteam Groningen 4,00:12:46,20,00:01:07,00:30:04,34,00:43:56,00:01:06,00:23:34,68,01:08:35,4e divisie
38,770,Woud Vleugel,Balk Rijwielen / TV Haarlemmermeer 2,00:13:30,33,00:01:48,00:29:29,25,00:44:46,00:01:22,00:22:35,43,01:08:41,4e divisie
39,714,Sven Gmelich Meijling,AV Impala 3 - Drachten,00:14:13,58,00:01:18,00:29:19,20,00:44:49,00:00:59,00:23:05,55,01:08:52,4e divisie
40,783,Hessel Kruijer,Van der Voort groep / team Oude Veer - Breezand,00:13:30,34,00:01:54,00:30:10,36,00:45:34,00:01:19,00:22:06,37,01:08:58,4e divisie
41,780,Jos van Barneveld,AV Heerenveen,00:14:07,56,00:01:41,00:31:07,51,00:46:54,00:01:42,00:20:57,28,01:09:32,4e divisie
42,754,Anne Runia,Triade 3 - Zwolle,00:14:42,66,00:01:50,00:31:15,54,00:47:47,00:01:17,00:20:51,27,01:09:54,4e divisie
43,720,Andre van der Wurff,Man / Triteam Chalet Beyond 2 - Amersfoort,00:13:42,43,00:01:31,00:30:53,48,00:46:05,00:01:09,00:22:43,46,01:09:56,4e divisie
44,800,Dennis Schipper,ASU 11 3 - Amsterdam,00:13:33,38,00:01:15,00:31:40,61,00:46:27,00:01:05,00:22:26,42,01:09:58,4e divisie
45,751,Matthijs Vellenga,ASU 11 2 - Amsterdam,00:14:33,64,00:01:55,00:29:39,28,00:46:07,00:01:38,00:22:56,50,01:10:41,4e divisie
46,801,Stijn van Hooff,Vleck Wijnen - Utrecht,00:13:37,39,00:01:24,00:33:31,83,00:48:31,00:01:27,00:20:50,26,01:10:47,4e divisie
47,739,Koen Arendse,De Dolfijn 5 - Amsterdam,00:13:31,36,00:01:35,00:31:15,53,00:46:21,00:01:19,00:23:10,61,01:10:48,4e divisie
48,776,Rutger Pollemans,Van Eden Groep - Triathlon Team Holten 2,00:15:34,82,00:01:31,00:30:53,49,00:47:56,00:01:19,00:22:07,38,01:11:21,4e divisie
49,761,Eelco Bruinsma,TTW 3 - Weesp,00:15:48,84,00:01:36,00:30:18,41,00:47:41,00:01:25,00:22:37,44,01:11:42,4e divisie
50,759,Patrick Kingma,AZVD / Duursport DEM 4 - Beverwijk,00:11:27,4,00:01:43,00:31:16,55,00:44:26,00:01:28,00:26:00,89,01:11:53,4e divisie
51,725,Laurens Verwoest,Sanders Puzzelboeken / Aquapoldro 3 - Apeldoorn,00:15:17,77,00:01:35,00:29:35,27,00:46:25,00:01:07,00:24:28,77,01:11:59,4e divisie
52,764,Jevier Barrero Gomez,TTW 3 - Weesp,00:14:00,51,00:01:27,00:34:31,92,00:49:56,00:01:29,00:20:35,20,01:12:00,4e divisie
53,804,Willem Voet,Vleck Wijnen - Utrecht,00:15:24,79,00:01:38,00:30:47,46,00:47:48,00:01:25,00:22:48,48,01:12:00,4e divisie
54,799,Nico van der Burgt,ASU 11 3 - Amsterdam,00:12:32,15,00:02:15,00:31:39,60,00:46:26,00:01:15,00:24:22,75,01:12:02,4e divisie
55,786,Tim Kieftenburg,Amsterdamse Triathlons - Amsterdam,00:14:30,63,00:03:04,00:30:32,44,00:48:05,00:01:28,00:22:44,47,01:12:16,4e divisie
56,702,David van Eekhout,Triteam Groningen 4,00:12:30,13,00:01:16,00:29:19,19,00:43:04,00:01:25,00:28:00,96,01:12:28,4e divisie
57,738,Remco de Weijer,De Dolfijn 5 - Amsterdam,00:13:39,40,00:01:30,00:32:51,74,00:48:00,00:01:29,00:23:03,54,01:12:31,4e divisie
58,777,Paco van der Reijden,AV Heerenveen,00:13:53,47,00:01:52,00:30:22,42,00:46:06,00:01:28,00:25:03,81,01:12:36,4e divisie
59,737,Christian Rieth,De Dolfijn 5 - Amsterdam,00:14:25,61,00:02:06,00:31:24,59,00:47:54,00:01:35,00:23:09,59,01:12:37,4e divisie
60,760,Jeroen Abbink,AZVD / Duursport DEM 4 - Beverwijk,00:15:56,85,00:02:07,00:29:57,30,00:47:58,00:01:25,00:23:15,62,01:12:38,4e divisie
61,745,Huib Willigenburg,Triathlon Soest 2,00:15:27,80,00:02:04,00:30:17,40,00:47:47,00:01:22,00:23:31,66,01:12:38,4e divisie
62,746,Patrick Kok,Triathlon Soest 2,00:13:53,46,00:02:17,00:31:57,63,00:48:06,00:01:31,00:23:15,63,01:12:52,4e divisie
63,735,Age Posthuma,Siosport - Utrecht,00:14:51,69,00:01:31,00:29:59,32,00:46:20,00:01:19,00:25:41,86,01:13:19,4e divisie
64,718,Stanley Puijk,Man / Triteam Chalet Beyond 2 - Amersfoort,00:14:10,57,00:01:49,00:32:32,69,00:48:30,00:01:10,00:23:50,71,01:13:29,4e divisie
65,724,Peter Tauber,IZGS 2 - Haarlem,00:15:30,81,00:02:07,00:31:20,56,00:48:55,00:01:37,00:23:01,52,01:13:31,4e divisie
66,719,Joost van Rooijen,Man / Triteam Chalet Beyond 2 - Amersfoort,00:13:42,42,00:01:35,00:33:11,77,00:48:26,00:01:13,00:24:02,72,01:13:41,4e divisie
67,707,Jaap van der Kamp,TVA 4 - Almere,00:14:05,54,00:01:46,00:32:21,68,00:48:11,00:01:55,00:23:44,70,01:13:50,4e divisie
68,787,Robert Katschner,Amsterdamse Triathlons - Amsterdam,00:14:06,55,00:01:50,00:34:26,91,00:50:22,00:01:31,00:22:22,41,01:14:13,4e divisie
69,784,Joost van Weelderen,Van der Voort groep / team Oude Veer - Breezand,00:16:13,89,00:01:30,00:32:46,71,00:50:28,00:01:08,00:23:07,58,01:14:42,4e divisie
70,772,Tom Engelen,Balk Rijwielen / TV Haarlemmermeer 2,00:15:18,78,00:02:17,00:32:20,67,00:49:53,00:01:56,00:22:57,51,01:14:46,4e divisie
71,706,Sergio Contrucci,TVA 4 - Almere,00:14:29,62,00:02:35,00:32:51,73,00:49:53,00:01:55,00:23:05,56,01:14:52,4e divisie
72,769,Guido van der Hoorn,Balk Rijwielen / TV Haarlemmermeer 2,00:11:22,2,00:02:12,00:33:01,76,00:46:34,00:02:06,00:26:21,92,01:15:01,4e divisie
73,734,Jaap Dirks,Siosport - Utrecht,00:16:02,87,00:01:47,00:30:11,37,00:47:59,00:01:18,00:26:05,90,01:15:21,4e divisie
74,742,Daan Coenen,AV Triathlon 2 - Amersfoort,00:14:24,60,00:03:25,00:33:48,88,00:51:37,00:01:46,00:22:05,36,01:15:26,4e divisie
75,803,Arjen Miedema,Vleck Wijnen - Utrecht,00:12:29,12,00:01:52,00:33:43,87,00:48:03,00:01:25,00:26:19,91,01:15:46,4e divisie
76,767,Vincent de Vries,Sanders Puzzelboeken / Aquapoldro 4 - Apeldoorn,00:14:54,71,00:02:05,00:33:59,89,00:50:57,00:01:26,00:23:36,69,01:15:58,4e divisie
77,732,Willem Rademaker,AZVD / Duursport DEM 3 - Beverwijk,00:14:52,70,00:02:07,00:33:15,81,00:50:12,00:01:37,00:24:17,74,01:16:06,4e divisie
78,794,Remco Geerdink,TTvW Hof van Twente 3 - Goor,00:16:15,90,00:01:45,00:32:18,65,00:50:17,00:01:11,00:24:46,78,01:16:12,4e divisie
79,796,Nico van Putten,TTvW Hof van Twente 3 - Goor,00:14:43,67,00:01:57,00:33:18,82,00:49:58,00:01:32,00:24:50,79,01:16:18,4e divisie
80,744,Ap Verduijn,AV Triathlon 2 - Amersfoort,00:15:05,73,00:02:47,00:32:18,66,00:50:10,00:02:45,00:23:28,64,01:16:22,4e divisie
81,756,Gerben Koopman,Triade 3 - Zwolle,00:16:20,91,00:01:58,00:31:54,62,00:50:11,00:01:32,00:24:56,80,01:16:38,4e divisie
82,762,Jan-Pieter Varkevisser,TTW 3 - Weesp,00:17:47,97,00:01:37,00:32:15,64,00:51:39,00:02:04,00:23:07,57,01:16:49,4e divisie
83,775,Koen Onderwater,Van Eden Groep - Triathlon Team Holten 2,00:14:58,72,00:01:42,00:33:15,79,00:49:53,00:01:28,00:25:38,85,01:16:58,4e divisie
84,766,Jörgen Hennekes,Sanders Puzzelboeken / Aquapoldro 4 - Apeldoorn,00:14:01,52,00:01:51,00:34:07,90,00:49:59,00:01:21,00:25:47,88,01:17:06,4e divisie
85,730,Rinke van Sante,AZVD / Duursport DEM 3 - Beverwijk,00:14:50,68,00:02:13,00:33:14,78,00:50:16,00:01:44,00:25:09,83,01:17:08,4e divisie
86,708,Bogdan Tatomir,TVA 4 - Almere,00:16:10,88,00:02:11,00:35:38,97,00:53:58,00:01:52,00:21:32,32,01:17:21,4e divisie
87,771,Marcin Kowalski,Balk Rijwielen / TV Haarlemmermeer 2,00:15:11,76,00:01:45,00:32:53,75,00:49:48,00:01:27,00:26:25,93,01:17:39,4e divisie
88,731,Klaas Dekker,AZVD / Duursport DEM 3 - Beverwijk,00:16:34,92,00:02:02,00:32:49,72,00:51:24,00:01:39,00:25:04,82,01:18:06,4e divisie
89,788,Ivo van Leeuwen,Amsterdamse Triathlons - Amsterdam,00:17:04,95,00:01:55,00:32:38,70,00:51:36,00:01:38,00:25:26,84,01:18:38,4e divisie
90,797,Hans Becker,ASU 11 3 - Amsterdam,00:15:59,86,00:02:06,00:33:38,85,00:51:42,00:01:24,00:25:46,87,01:18:51,4e divisie
91,758,Özkan Ulusan,AZVD / Duursport DEM 4 - Beverwijk,00:17:19,96,00:02:51,00:33:39,86,00:53:48,00:03:08,00:22:08,39,01:19:03,4e divisie
92,765,Gerard den Hollander,Sanders Puzzelboeken / Aquapoldro 4 - Apeldoorn,00:16:54,94,00:02:04,00:34:40,93,00:53:37,00:02:19,00:23:30,65,01:19:26,4e divisie
93,705,Remko Toorenburgh,TVA 4 - Almere,00:13:54,49,00:01:45,00:34:57,95,00:50:35,00:01:23,00:28:09,98,01:20:06,4e divisie
94,729,Roy Marinus,AZVD / Duursport DEM 3 - Beverwijk,00:15:10,75,00:01:50,00:33:15,80,00:50:14,00:01:34,00:28:22,99,01:20:09,4e divisie
95,755,Marco Reuvers,Triade 3 - Zwolle,00:15:41,83,00:02:42,00:33:31,84,00:51:54,00:01:45,00:26:53,94,01:20:32,4e divisie
96,768,Edwin Sloots,Sanders Puzzelboeken / Aquapoldro 4 - Apeldoorn,00:14:05,53,00:02:13,00:34:42,94,00:50:59,00:01:43,00:28:06,97,01:20:46,4e divisie
97,774,Fabian Marsch,Van Eden Groep - Triathlon Team Holten 2,00:16:50,93,00:01:52,00:36:50,98,00:55:30,00:02:17,00:24:10,73,01:21:56,4e divisie
98,773,Thijs Onderwater,Van Eden Groep - Triathlon Team Holten 2,00:18:36,99,00:02:37,00:35:30,96,00:56:41,00:01:35,00:24:28,76,01:22:43,4e divisie
99,743,Rafaël Tamsiran,AV Triathlon 2 - Amersfoort,00:18:05,98,00:03:54,00:39:50,99,01:01:48,00:03:19,00:26:56,95,01:32:02,4e divisie